<?xml version="1.0" encoding="UTF-8"?>
<preferences>
 <debug showDebugMenu="0" />
 <systemtable filter="All Interfaces">
  <columns>
   <connections preferredWidth="191" />
   <irq preferredWidth="34" />
  </columns>
 </systemtable>
 <library
   expandedCategories="Library/University Program/Clock,Project,Library/Interface Protocols/Transceiver PLL,Library,Library/Basic Functions/Clocks; PLLs and Resets,Library/Interface Protocols,Library/Basic Functions/Clocks; PLLs and Resets/PLL,Library/University Program,Library/Basic Functions" />
 <window width="1928" height="1043" x="-4" y="0" />
 <generation block_symbol_file="0" synthesis="VHDL" />
</preferences>
